{
	"type": "SingleTypeGenerator",
	"name": "Diamond Generator",
	"description": "Here take some power.",
	"size": 2,
	"hasPower": true,
	"hasItems": true,
	"itemDuration": 30,
	"powerProduction": 9.0,
	"consumes": {
		"items": {
			"items": [
				{ "item": "diamond", "amount": 2 }
			],
			"optional": true
		}
	},
	"requirements": [
		{ "item": "metaglass", "amount": 80 },
		{ "item": "silicon", "amount": 60 },
		{ "item": "diamond", "amount": 250 }
	],
	"category": "power",
	"research": "silver-crucible"
}
