{
	"type": "SingleTypeGenerator",
	"name": "Ruby Generator",
	"description": "Want some power COLLECT SOME RUBIES.",
	"size": 2,
	"hasPower": true,
	"hasItems": true,
	"itemDuration": 30,
	"powerProduction": 5.0,
	"consumes": {
		"items": {
			"items": [
				{ "item": "ruby", "amount": 2 }
			],
			"optional": true
		}
	},
	"requirements": [
		{ "item": "metaglass", "amount": 80 },
		{ "item": "silicon", "amount": 60 },
		{ "item": "ruby", "amount": 175 }
	],
	"category": "power",
	"research": "silver-crucible"
}
